{"lr": 0.05, "data_time": 0.007385826110839844, "loss": 9.8519651055336, "time": 0.20783512592315673, "epoch": 1, "step": 10}
{"lr": 0.05, "data_time": 0.0003308534622192383, "loss": 6.393810427188873, "time": 0.12739486694335939, "epoch": 1, "step": 20}
{"lr": 0.05, "data_time": 0.00031111240386962893, "loss": 2.154148817062378, "time": 0.132715106010437, "epoch": 1, "step": 30}
{"lr": 0.05, "data_time": 0.00035736560821533205, "loss": 2.21276193857193, "time": 0.1327916383743286, "epoch": 1, "step": 40}
{"lr": 0.05, "data_time": 0.0003625631332397461, "loss": 2.0024178624153137, "time": 0.13601305484771728, "epoch": 1, "step": 50}
{"lr": 0.05, "data_time": 0.0003717899322509766, "loss": 2.366067314147949, "time": 0.14019982814788817, "epoch": 1, "step": 60}
{"lr": 0.05, "data_time": 0.00030364990234375, "loss": 2.0640558004379272, "time": 0.13049585819244386, "epoch": 1, "step": 70}
{"lr": 0.05, "data_time": 0.0003012418746948242, "loss": 1.9614402174949646, "time": 0.12673022747039794, "epoch": 1, "step": 80}
{"lr": 0.05, "data_time": 0.0003206968307495117, "loss": 1.6350600957870483, "time": 0.12674992084503173, "epoch": 1, "step": 90}
{"lr": 0.05, "data_time": 0.0002856254577636719, "loss": 1.5591473221778869, "time": 0.12661678791046144, "epoch": 1, "step": 100}
{"lr": 0.05, "data_time": 0.00030624866485595703, "loss": 1.6687400102615357, "time": 0.12680492401123047, "epoch": 1, "step": 110}
{"lr": 0.05, "data_time": 0.0003228187561035156, "loss": 1.6608978986740113, "time": 0.1267554759979248, "epoch": 1, "step": 120}
{"lr": 0.05, "data_time": 0.00031981468200683596, "loss": 1.7679469347000123, "time": 0.12666068077087403, "epoch": 1, "step": 130}
{"lr": 0.05, "data_time": 0.0002847909927368164, "loss": 1.662178385257721, "time": 0.1264955520629883, "epoch": 1, "step": 140}
{"lr": 0.05, "data_time": 0.0003167390823364258, "loss": 1.5385531067848206, "time": 0.12685954570770264, "epoch": 1, "step": 150}
{"lr": 0.05, "data_time": 0.00031054019927978516, "loss": 1.3934656262397767, "time": 0.1267138957977295, "epoch": 1, "step": 160}
{"lr": 0.05, "data_time": 0.00028781890869140626, "loss": 1.396125316619873, "time": 0.12668557167053224, "epoch": 1, "step": 170}
{"lr": 0.05, "data_time": 0.0002794027328491211, "loss": 1.3693566918373108, "time": 0.12650883197784424, "epoch": 1, "step": 180}
{"lr": 0.05, "data_time": 0.0002809762954711914, "loss": 1.6163596749305724, "time": 0.12677450180053712, "epoch": 1, "step": 190}
{"lr": 0.05, "data_time": 0.00028676986694335936, "loss": 1.3758644223213197, "time": 0.12663373947143555, "epoch": 1, "step": 200}
{"lr": 0.05, "data_time": 0.00026254653930664064, "loss": 1.6267603635787964, "time": 0.12648518085479737, "epoch": 1, "step": 210}
{"lr": 0.05, "data_time": 0.00026957988739013673, "loss": 1.4537127375602723, "time": 0.1264704942703247, "epoch": 1, "step": 220}
{"lr": 0.05, "data_time": 0.00030350685119628906, "loss": 1.4234940171241761, "time": 0.12689571380615233, "epoch": 1, "step": 230}
{"lr": 0.05, "data_time": 0.00027713775634765627, "loss": 1.5411370873451233, "time": 0.1266564130783081, "epoch": 1, "step": 240}
{"lr": 0.05, "data_time": 0.00030848979949951174, "loss": 1.483885157108307, "time": 0.12658302783966063, "epoch": 1, "step": 250}
{"lr": 0.05, "data_time": 0.00028924942016601564, "loss": 1.514298188686371, "time": 0.12646245956420898, "epoch": 1, "step": 260}
{"lr": 0.05, "data_time": 0.00030732154846191406, "loss": 1.5096657633781434, "time": 0.1268709897994995, "epoch": 1, "step": 270}
{"lr": 0.05, "data_time": 0.0003035783767700195, "loss": 1.476474690437317, "time": 0.12694084644317627, "epoch": 1, "step": 280}
{"lr": 0.05, "data_time": 0.0015926122665405273, "loss": 1.3468541979789734, "time": 0.12773797512054444, "epoch": 2, "step": 295}
{"lr": 0.05, "data_time": 0.00030159950256347656, "loss": 1.5138151049613953, "time": 0.12699146270751954, "epoch": 2, "step": 305}
{"lr": 0.05, "data_time": 0.00030450820922851564, "loss": 1.3702685236930847, "time": 0.12716188430786132, "epoch": 2, "step": 315}
{"lr": 0.05, "data_time": 0.0002753734588623047, "loss": 1.3481533646583557, "time": 0.12688536643981935, "epoch": 2, "step": 325}
{"lr": 0.05, "data_time": 0.0003502368927001953, "loss": 1.3744340896606446, "time": 0.13436663150787354, "epoch": 2, "step": 335}
{"lr": 0.05, "data_time": 0.0003892183303833008, "loss": 1.2868235945701598, "time": 0.14838204383850098, "epoch": 2, "step": 345}
{"lr": 0.05, "data_time": 0.0004617452621459961, "loss": 1.6629764080047607, "time": 0.1454261302947998, "epoch": 2, "step": 355}
{"lr": 0.05, "data_time": 0.0004402637481689453, "loss": 1.5088974833488464, "time": 0.15088319778442383, "epoch": 2, "step": 365}
{"lr": 0.05, "data_time": 0.000430607795715332, "loss": 1.3668476819992066, "time": 0.13781204223632812, "epoch": 2, "step": 375}
{"lr": 0.05, "data_time": 0.0004109382629394531, "loss": 1.3736786484718322, "time": 0.13782684803009032, "epoch": 2, "step": 385}
{"lr": 0.05, "data_time": 0.00030829906463623045, "loss": 1.3211467683315277, "time": 0.12688560485839845, "epoch": 2, "step": 395}
{"lr": 0.05, "data_time": 0.0003137826919555664, "loss": 1.2695785760879517, "time": 0.12696290016174316, "epoch": 2, "step": 405}
{"lr": 0.05, "data_time": 0.00030670166015625, "loss": 1.3730076670646667, "time": 0.12689318656921386, "epoch": 2, "step": 415}
{"lr": 0.05, "data_time": 0.0003201007843017578, "loss": 1.5791938543319701, "time": 0.1270976781845093, "epoch": 2, "step": 425}
{"lr": 0.05, "data_time": 0.0003129720687866211, "loss": 1.4386969208717346, "time": 0.12692556381225586, "epoch": 2, "step": 435}
{"lr": 0.05, "data_time": 0.00029997825622558595, "loss": 1.4402140259742737, "time": 0.12874724864959716, "epoch": 2, "step": 445}
{"lr": 0.05, "data_time": 0.0003356456756591797, "loss": 1.3801089763641357, "time": 0.13304538726806642, "epoch": 2, "step": 455}
{"lr": 0.05, "data_time": 0.00036580562591552733, "loss": 1.3388587534427643, "time": 0.14478011131286622, "epoch": 2, "step": 465}
{"lr": 0.05, "data_time": 0.00035557746887207033, "loss": 1.3085084855556488, "time": 0.13487446308135986, "epoch": 2, "step": 475}
{"lr": 0.05, "data_time": 0.00033111572265625, "loss": 1.3860174536705017, "time": 0.1335475206375122, "epoch": 2, "step": 485}
{"lr": 0.05, "data_time": 0.000339508056640625, "loss": 1.228708565235138, "time": 0.13256533145904542, "epoch": 2, "step": 495}
{"lr": 0.05, "data_time": 0.0003408193588256836, "loss": 1.3491921186447144, "time": 0.12899630069732665, "epoch": 2, "step": 505}
{"lr": 0.05, "data_time": 0.00029942989349365237, "loss": 1.4216652035713195, "time": 0.12823123931884767, "epoch": 2, "step": 515}
{"lr": 0.05, "data_time": 0.00028471946716308595, "loss": 1.2459824204444885, "time": 0.12703592777252198, "epoch": 2, "step": 525}
{"lr": 0.05, "data_time": 0.00027265548706054685, "loss": 1.35556098818779, "time": 0.12691192626953124, "epoch": 2, "step": 535}
{"lr": 0.05, "data_time": 0.00030791759490966797, "loss": 1.216101449728012, "time": 0.12729873657226562, "epoch": 2, "step": 545}
{"lr": 0.05, "data_time": 0.0002960205078125, "loss": 1.247015106678009, "time": 0.1274726390838623, "epoch": 2, "step": 555}
{"lr": 0.05, "data_time": 0.00031387805938720703, "loss": 1.2252082705497742, "time": 0.12714908123016358, "epoch": 2, "step": 565}
{"lr": 0.05, "data_time": 0.0016939163208007813, "loss": 1.3423441052436829, "time": 0.12955400943756104, "epoch": 3, "step": 580}
{"lr": 0.05, "data_time": 0.0003286600112915039, "loss": 1.1578994274139405, "time": 0.12829930782318116, "epoch": 3, "step": 590}
{"lr": 0.05, "data_time": 0.0003103494644165039, "loss": 1.271325844526291, "time": 0.1276163101196289, "epoch": 3, "step": 600}
{"lr": 0.05, "data_time": 0.0002855062484741211, "loss": 1.2385392308235168, "time": 0.12690818309783936, "epoch": 3, "step": 610}
{"lr": 0.05, "data_time": 0.0002880573272705078, "loss": 1.3989269733428955, "time": 0.1268770933151245, "epoch": 3, "step": 620}
{"lr": 0.05,